{
  "model_name": "Random Forest",
  "model_type": "RandomForestClassifier",
  "accuracy": 0.9885659838018104,
  "precision": 0.9021739130434783,
  "recall": 0.8469387755102041,
  "f1_score": 0.8736842105263158,
  "roc_auc": 0.9861497822517312,
  "feature_names": [
    "V1",
    "V2",
    "V3",
    "V4",
    "V5",
    "V6",
    "V7",
    "V8",
    "V9",
    "V10",
    "V11",
    "V12",
    "V13",
    "V14",
    "V15",
    "V16",
    "V17",
    "V18",
    "V19",
    "V20",
    "V21",
    "V22",
    "V23",
    "V24",
    "V25",
    "V26",
    "V27",
    "V28",
    "Amount"
  ],
  "training_samples": 15998,
  "test_samples": 2099
}